{
"name": "Widesttech",
"license": {
    "name": "Apache 2.0",
    "link": "http://www.apache.org/licenses/LICENSE-2.0"
},
"credits": [
{
    "fullname": "Raman Aggarwal",
    "contribution": "Main developer",
    "company": "Apace Technology Pvt Ltd"
},
{
    "fullname": "Dhruv Chaudhary",
    "contribution": "App Developer",
    "company": "Apace Technology Pvt Ltd"
},
{
    "fullname": "Sunil Dalkoti",
    "contribution": "App Designer",
    "company": "Apace Technology Pvt Ltd"
}
],
"thirdpartylibs": [
{
    "name": "Backbone.js",
    "version": "1.1.0",
    "license": "MIT"
},
{
    "name": "Backbone LocalStorage Adapter",
    "version": "1.1.7",
    "license": "MIT"
},
{
    "name": "html2canvas",
    "version": "0.4.1",
    "license": "MIT"
},
{
    "name": "jQuery",
    "version": "1.11.0",
    "license": "MIT"
},
{
    "name": "jQuery UI",
    "version": "1.10.4",
    "license": "MIT"
},
{
    "name": "jQuery touchSwipe",
    "version": "1.6.5",
    "license": "MIT or GPL Version 2"
},
{
    "name": "matchMedia",
    "version": "2012",
    "license": "Dual MIT/BSD"
},
{
    "name": "crypt md5",
    "version": "2.2",
    "license": "BSD"
},
{
    "name": "Recorderjs",
    "version": "2014 - 01 - 14",
    "license": "MIT"
},
{
    "name": "RequireJS",
    "version": "2.1.10",
    "license": "MIT or new BSD"
},
{
    "name": "RequireJS text plugin",
    "version": "2.0.10",
    "license": "MIT or new BSD"
},
{
    "name": "Underscore",
    "version": "1.5.2",
    "license": "MIT"
}
]
}