{
    "discussions": [
        {
            "id": 1,
            "name": "New discussion 11",
            "groupid": -1,
            "timemodified": 1411635480,
            "usermodified": 2,
            "timestart": 0,
            "timeend": 0,
            "discussion": 16,
            "parent": 0,
            "userid": 2,
            "created": 1411633480,
            "modified": 1411635480,
            "mailed": 0,
            "subject": "New discussion 11",
            "message": "<p>New discussion 11</p>",
            "messageformat": 1,
            "messagetrust": 0,
            "attachment": "",
            "totalscore": 0,
            "mailnow": 0,
            "userfullname": "Admin User",
            "usermodifiedfullname": "Admin User",
            "userpictureurl": "emulator/userimage.png#",
            "usermodifiedpictureurl": "emulator/userimage.png#",
            "numreplies": "2",
            "numunread": "0"
        },
        {
            "id": 2,
            "name": "New discussion 10",
            "groupid": -1,
            "timemodified": 1411733462,
            "usermodified": 2,
            "timestart": 0,
            "timeend": 0,
            "discussion": 15,
            "parent": 0,
            "userid": 2,
            "created": 1411633462,
            "modified": 1411633462,
            "mailed": 0,
            "subject": "New discussion 10",
            "message": "<p>New discussion 10</p>",
            "messageformat": 1,
            "messagetrust": 0,
            "attachment": "",
            "totalscore": 0,
            "mailnow": 0,
            "userfullname": "Admin User",
            "usermodifiedfullname": "Admin User",
            "userpictureurl": "emulator/userimage.png#",
            "usermodifiedpictureurl": "emulator/userimage.png#",
            "numreplies": "2",
            "numunread": "0"
        },
        {
            "id": 3,
            "name": "New discussion 9",
            "groupid": -1,
            "timemodified": 1411693446,
            "usermodified": 2,
            "timestart": 0,
            "timeend": 0,
            "discussion": 14,
            "parent": 0,
            "userid": 2,
            "created": 1411633446,
            "modified": 1411623446,
            "mailed": 0,
            "subject": "New discussion 9",
            "message": "<p>New discussion 9</p>",
            "messageformat": 1,
            "messagetrust": 0,
            "attachment": "",
            "totalscore": 0,
            "mailnow": 0,
            "userfullname": "Admin User",
            "usermodifiedfullname": "Admin User",
            "userpictureurl": "emulator/userimage.png#",
            "usermodifiedpictureurl": "emulator/userimage.png#",
            "numreplies": "2",
            "numunread": "0"
        },
        {
            "id": 4,
            "name": "New discussion 8",
            "groupid": -1,
            "timemodified": 1411633429,
            "usermodified": 2,
            "timestart": 0,
            "timeend": 0,
            "discussion": 13,
            "parent": 0,
            "userid": 2,
            "created": 1411633429,
            "modified": 1411633429,
            "mailed": 0,
            "subject": "New discussion 8",
            "message": "<p>New discussion 8</p>",
            "messageformat": 1,
            "messagetrust": 0,
            "attachment": "",
            "totalscore": 0,
            "mailnow": 0,
            "userfullname": "Admin User",
            "usermodifiedfullname": "Admin User",
            "userpictureurl": "emulator/userimage.png#",
            "usermodifiedpictureurl": "emulator/userimage.png#",
            "numreplies": "2",
            "numunread": "0"
        },
        {
            "id": 5,
            "name": "New discussion 7",
            "groupid": -1,
            "timemodified": 1411639410,
            "usermodified": 2,
            "timestart": 0,
            "timeend": 0,
            "discussion": 12,
            "parent": 0,
            "userid": 2,
            "created": 1411633410,
            "modified": 1411633410,
            "mailed": 0,
            "subject": "New discussion 7",
            "message": "<p>New discussion 7</p>",
            "messageformat": 1,
            "messagetrust": 0,
            "attachment": "",
            "totalscore": 0,
            "mailnow": 0,
            "userfullname": "Admin User",
            "usermodifiedfullname": "Admin User",
            "userpictureurl": "emulator/userimage.png#",
            "usermodifiedpictureurl": "emulator/userimage.png#",
            "numreplies": "2",
            "numunread": "0"
        },
        {
            "id": 6,
            "name": "New discussion 6",
            "groupid": -1,
            "timemodified": 1411633381,
            "usermodified": 2,
            "timestart": 0,
            "timeend": 0,
            "discussion": 11,
            "parent": 0,
            "userid": 2,
            "created": 1411633381,
            "modified": 1411633381,
            "mailed": 0,
            "subject": "New discussion 6",
            "message": "<p>New discussion 6</p>",
            "messageformat": 1,
            "messagetrust": 0,
            "attachment": "",
            "totalscore": 0,
            "mailnow": 0,
            "userfullname": "Admin User",
            "usermodifiedfullname": "Admin User",
            "userpictureurl": "emulator/userimage.png#",
            "usermodifiedpictureurl": "emulator/userimage.png#",
            "numreplies": "2",
            "numunread": "0"
        },
        {
            "id": 7,
            "name": "New discussion 5",
            "groupid": -1,
            "timemodified": 1411633363,
            "usermodified": 2,
            "timestart": 0,
            "timeend": 0,
            "discussion": 10,
            "parent": 0,
            "userid": 2,
            "created": 1411633363,
            "modified": 1411633363,
            "mailed": 0,
            "subject": "New discussion 5",
            "message": "<p>New discussion 5</p>",
            "messageformat": 1,
            "messagetrust": 0,
            "attachment": "",
            "totalscore": 0,
            "mailnow": 0,
            "userfullname": "Admin User",
            "usermodifiedfullname": "Admin User",
            "userpictureurl": "emulator/userimage.png#",
            "usermodifiedpictureurl": "emulator/userimage.png#",
            "numreplies": "2",
            "numunread": "0"
        },
        {
            "id": 8,
            "name": "New discussion 4",
            "groupid": -1,
            "timemodified": 1411639351,
            "usermodified": 2,
            "timestart": 0,
            "timeend": 0,
            "discussion": 9,
            "parent": 0,
            "userid": 2,
            "created": 1411633351,
            "modified": 1411633351,
            "mailed": 0,
            "subject": "New discussion 4",
            "message": "<p>New discussion 4</p>",
            "messageformat": 1,
            "messagetrust": 0,
            "attachment": "",
            "totalscore": 0,
            "mailnow": 0,
            "userfullname": "Admin User",
            "usermodifiedfullname": "Admin User",
            "userpictureurl": "emulator/userimage.png#",
            "usermodifiedpictureurl": "emulator/userimage.png#",
            "numreplies": "2",
            "numunread": "0"
        },
        {
            "id": 9,
            "name": "New discussion 3",
            "groupid": -1,
            "timemodified": 1411633340,
            "usermodified": 2,
            "timestart": 0,
            "timeend": 0,
            "discussion": 8,
            "parent": 0,
            "userid": 2,
            "created": 1411633340,
            "modified": 1411633340,
            "mailed": 0,
            "subject": "New discussion 3",
            "message": "<p>New discussion 3</p>",
            "messageformat": 1,
            "messagetrust": 0,
            "attachment": "",
            "totalscore": 0,
            "mailnow": 0,
            "userfullname": "Admin User",
            "usermodifiedfullname": "Admin User",
            "userpictureurl": "emulator/userimage.png#",
            "usermodifiedpictureurl": "emulator/userimage.png#",
            "numreplies": "2",
            "numunread": "0"
        },
        {
            "id": 10,
            "name": "A simple plain discussion topic here",
            "groupid": -1,
            "timemodified": 1411117489,
            "usermodified": 9,
            "timestart": 0,
            "timeend": 0,
            "discussion": 7,
            "parent": 0,
            "userid": 2,
            "created": 1411116564,
            "modified": 1411116564,
            "mailed": 0,
            "subject": "A simple plain discussion topic here",
            "message": "<p>Lorem Ipsum es simplemente el texto de relleno de las imprentas y archivos de texto. Lorem Ipsum ha sido el texto de relleno estándar de las industrias desde el año 1500, cuando un impresor (N. del T. persona que se dedica a la imprenta) desconocido usó una galería de textos y los mezcló de tal manera que logró hacer un libro de textos especimen. No sólo sobrevivió 500 años, sino que tambien ingresó como texto de relleno en documentos electrónicos, quedando esencialmente igual al original. Fue popularizado en los 60s con la creación de las hojas \"Letraset\", las cuales contenian pasajes de Lorem Ipsum, y más recientemente con software de autoedición, como por ejemplo Aldus PageMaker, el cual incluye versiones de Lorem Ipsum.</p>",
            "messageformat": 1,
            "messagetrust": 0,
            "attachment": "",
            "totalscore": 0,
            "mailnow": 0,
            "userfullname": "Admin User",
            "usermodifiedfullname": "Terry Teacher",
            "userpictureurl": "emulator/userimage.png#",
            "usermodifiedpictureurl": "http://localhost/m/stable_24/webservice/pluginfile.php/62/user/icon/f1",
            "numreplies": "1",
            "numunread": "0"
        },
        {
            "id": 11,
            "name": "A first message including an image and attachment",
            "groupid": -1,
            "timemodified": 1411116819,
            "usermodified": 9,
            "timestart": 0,
            "timeend": 0,
            "discussion": 6,
            "parent": 0,
            "userid": 2,
            "created": 1411116532,
            "modified": 1411116532,
            "mailed": 0,
            "subject": "A first message including an image and attachment",
            "message": "<p>My image here: </p>\r\n<p><img src=\"http://localhost/m/stable_24/webservice/pluginfile.php/69/mod_forum/post/8/Mozilla%20Firefox%203.0%20downloads%20by%20region.png\" alt=\"\" width=\"1024\" height=\"474\" /></p>",
            "messageformat": 1,
            "messagetrust": 0,
            "attachment": "1",
            "attachments": [
                {
                    "filename": "CertificationReport_f7b4f01b-458d-4a4f-9523-bc7b5092b68b.html",
                    "mimetype": "text/html",
                    "fileurl": "http://localhost/m/stable_24/webservice/pluginfile.php/69/mod_forum/attachment/8/CertificationReport_f7b4f01b-458d-4a4f-9523-bc7b5092b68b.html"
                },
                {
                    "filename": "m-iTunesArtwork-512px.png",
                    "mimetype": "image/png",
                    "fileurl": "http://localhost/m/stable_24/webservice/pluginfile.php/69/mod_forum/attachment/8/m-iTunesArtwork-512px.png"
                }
            ],
            "totalscore": 0,
            "mailnow": 0,
            "userfullname": "Admin User",
            "usermodifiedfullname": "Terry Teacher",
            "userpictureurl": "emulator/userimage.png#",
            "usermodifiedpictureurl": "http://localhost/m/stable_24/webservice/pluginfile.php/62/user/icon/f1",
            "numreplies": "2",
            "numunread": "0"
        },
      {
            "id": 12,
            "name": "New discussion 11",
            "groupid": -1,
            "timemodified": 1411633480,
            "usermodified": 2,
            "timestart": 0,
            "timeend": 0,
            "discussion": 16,
            "parent": 0,
            "userid": 2,
            "created": 1411633480,
            "modified": 1411633480,
            "mailed": 0,
            "subject": "New discussion 11",
            "message": "<p>New discussion 11</p>",
            "messageformat": 1,
            "messagetrust": 0,
            "attachment": "",
            "totalscore": 0,
            "mailnow": 0,
            "userfullname": "Admin User",
            "usermodifiedfullname": "Admin User",
            "userpictureurl": "emulator/userimage.png#",
            "usermodifiedpictureurl": "emulator/userimage.png#",
            "numreplies": "2",
            "numunread": "0"
        },
        {
            "id": 13,
            "name": "New discussion 10",
            "groupid": -1,
            "timemodified": 1411643462,
            "usermodified": 2,
            "timestart": 0,
            "timeend": 0,
            "discussion": 15,
            "parent": 0,
            "userid": 2,
            "created": 1411633462,
            "modified": 1411633462,
            "mailed": 0,
            "subject": "New discussion 10",
            "message": "<p>New discussion 10</p>",
            "messageformat": 1,
            "messagetrust": 0,
            "attachment": "",
            "totalscore": 0,
            "mailnow": 0,
            "userfullname": "Admin User",
            "usermodifiedfullname": "Admin User",
            "userpictureurl": "emulator/userimage.png#",
            "usermodifiedpictureurl": "emulator/userimage.png#",
            "numreplies": "2",
            "numunread": "0"
        },
        {
            "id": 14,
            "name": "New discussion 9",
            "groupid": -1,
            "timemodified": 1411635446,
            "usermodified": 2,
            "timestart": 0,
            "timeend": 0,
            "discussion": 14,
            "parent": 0,
            "userid": 2,
            "created": 1411633446,
            "modified": 1411633446,
            "mailed": 0,
            "subject": "New discussion 9",
            "message": "<p>New discussion 9</p>",
            "messageformat": 1,
            "messagetrust": 0,
            "attachment": "",
            "totalscore": 0,
            "mailnow": 0,
            "userfullname": "Admin User",
            "usermodifiedfullname": "Admin User",
            "userpictureurl": "emulator/userimage.png#",
            "usermodifiedpictureurl": "emulator/userimage.png#",
            "numreplies": "2",
            "numunread": "0"
        },
        {
            "id": 15,
            "name": "New discussion 8",
            "groupid": -1,
            "timemodified": 1411663429,
            "usermodified": 2,
            "timestart": 0,
            "timeend": 0,
            "discussion": 13,
            "parent": 0,
            "userid": 2,
            "created": 1411633429,
            "modified": 1411633429,
            "mailed": 0,
            "subject": "New discussion 8",
            "message": "<p>New discussion 8</p>",
            "messageformat": 1,
            "messagetrust": 0,
            "attachment": "",
            "totalscore": 0,
            "mailnow": 0,
            "userfullname": "Admin User",
            "usermodifiedfullname": "Admin User",
            "userpictureurl": "emulator/userimage.png#",
            "usermodifiedpictureurl": "emulator/userimage.png#",
            "numreplies": "2",
            "numunread": "0"
        },
        {
            "id": 16,
            "name": "New discussion 7",
            "groupid": -1,
            "timemodified": 1411839410,
            "usermodified": 2,
            "timestart": 0,
            "timeend": 0,
            "discussion": 12,
            "parent": 0,
            "userid": 2,
            "created": 1411633410,
            "modified": 1411633410,
            "mailed": 0,
            "subject": "New discussion 7",
            "message": "<p>New discussion 7</p>",
            "messageformat": 1,
            "messagetrust": 0,
            "attachment": "",
            "totalscore": 0,
            "mailnow": 0,
            "userfullname": "Admin User",
            "usermodifiedfullname": "Admin User",
            "userpictureurl": "emulator/userimage.png#",
            "usermodifiedpictureurl": "emulator/userimage.png#",
            "numreplies": "2",
            "numunread": "0"
        },
        {
            "id": 17,
            "name": "New discussion 6",
            "groupid": -1,
            "timemodified": 1411634381,
            "usermodified": 2,
            "timestart": 0,
            "timeend": 0,
            "discussion": 11,
            "parent": 0,
            "userid": 2,
            "created": 1411633381,
            "modified": 1411633381,
            "mailed": 0,
            "subject": "New discussion 6",
            "message": "<p>New discussion 6</p>",
            "messageformat": 1,
            "messagetrust": 0,
            "attachment": "",
            "totalscore": 0,
            "mailnow": 0,
            "userfullname": "Admin User",
            "usermodifiedfullname": "Admin User",
            "userpictureurl": "emulator/userimage.png#",
            "usermodifiedpictureurl": "emulator/userimage.png#",
            "numreplies": "2",
            "numunread": "0"
        },
        {
            "id": 18,
            "name": "New discussion 5",
            "groupid": -1,
            "timemodified": 1411633963,
            "usermodified": 2,
            "timestart": 0,
            "timeend": 0,
            "discussion": 10,
            "parent": 0,
            "userid": 2,
            "created": 1411633363,
            "modified": 1411633363,
            "mailed": 0,
            "subject": "New discussion 5",
            "message": "<p>New discussion 5</p>",
            "messageformat": 1,
            "messagetrust": 0,
            "attachment": "",
            "totalscore": 0,
            "mailnow": 0,
            "userfullname": "Admin User",
            "usermodifiedfullname": "Admin User",
            "userpictureurl": "emulator/userimage.png#",
            "usermodifiedpictureurl": "emulator/userimage.png#",
            "numreplies": "2",
            "numunread": "0"
        },
        {
            "id": 19,
            "name": "New discussion 4",
            "groupid": -1,
            "timemodified": 1411642351,
            "usermodified": 2,
            "timestart": 0,
            "timeend": 0,
            "discussion": 9,
            "parent": 0,
            "userid": 2,
            "created": 1411633351,
            "modified": 1411633351,
            "mailed": 0,
            "subject": "New discussion 4",
            "message": "<p>New discussion 4</p>",
            "messageformat": 1,
            "messagetrust": 0,
            "attachment": "",
            "totalscore": 0,
            "mailnow": 0,
            "userfullname": "Admin User",
            "usermodifiedfullname": "Admin User",
            "userpictureurl": "emulator/userimage.png#",
            "usermodifiedpictureurl": "emulator/userimage.png#",
            "numreplies": "2",
            "numunread": "0"
        },
        {
            "id": 20,
            "name": "New discussion 3",
            "groupid": -1,
            "timemodified": 1411653340,
            "usermodified": 2,
            "timestart": 0,
            "timeend": 0,
            "discussion": 8,
            "parent": 0,
            "userid": 2,
            "created": 1411633340,
            "modified": 1411633340,
            "mailed": 0,
            "subject": "New discussion 3",
            "message": "<p>New discussion 3</p>",
            "messageformat": 1,
            "messagetrust": 0,
            "attachment": "",
            "totalscore": 0,
            "mailnow": 0,
            "userfullname": "Admin User",
            "usermodifiedfullname": "Admin User",
            "userpictureurl": "emulator/userimage.png#",
            "usermodifiedpictureurl": "emulator/userimage.png#",
            "numreplies": "2",
            "numunread": "0"
        }
    ],
    "warnings": []
}