[
    {
        "id": 1,
        "course": "4",
        "type": "news",
        "name": "News forum",
        "intro": "General news and announcements",
        "introformat": 1,
        "assessed": 0,
        "assesstimestart": 0,
        "assesstimefinish": 0,
        "scale": 0,
        "maxbytes": 0,
        "maxattachments": 1,
        "forcesubscribe": 1,
        "trackingtype": 1,
        "rsstype": 0,
        "rssarticles": 0,
        "timemodified": 1409740971,
        "warnafter": 0,
        "blockafter": 0,
        "blockperiod": 0,
        "completiondiscussions": 0,
        "completionreplies": 0,
        "completionposts": 0,
        "cmid": 1,
        "numdiscussions": 90
    },
    {
        "id": 2,
        "course": "4",
        "type": "general",
        "name": "A forum for general use by students",
        "intro": "<p>General forum to be used by anyone</p>",
        "introformat": 1,
        "assessed": 0,
        "assesstimestart": 0,
        "assesstimefinish": 0,
        "scale": 0,
        "maxbytes": 512000,
        "maxattachments": 9,
        "forcesubscribe": 0,
        "trackingtype": 1,
        "rsstype": 0,
        "rssarticles": 0,
        "timemodified": 1409741563,
        "warnafter": 0,
        "blockafter": 0,
        "blockperiod": 0,
        "completiondiscussions": 0,
        "completionreplies": 0,
        "completionposts": 0,
        "cmid": 2,
        "numdiscussions": 90
    },
    {
        "id": 3,
        "course": "4",
        "type": "news",
        "name": "News forum",
        "intro": "General news and announcements",
        "introformat": 1,
        "assessed": 0,
        "assesstimestart": 0,
        "assesstimefinish": 0,
        "scale": 0,
        "maxbytes": 0,
        "maxattachments": 1,
        "forcesubscribe": 1,
        "trackingtype": 1,
        "rsstype": 0,
        "rssarticles": 0,
        "timemodified": 1409740971,
        "warnafter": 0,
        "blockafter": 0,
        "blockperiod": 0,
        "completiondiscussions": 0,
        "completionreplies": 0,
        "completionposts": 0,
        "cmid": 3,
        "numdiscussions": 90
    },
    {
        "id": 4,
        "course": "4",
        "type": "general",
        "name": "A forum for general use by students",
        "intro": "<p>General forum to be used by anyone</p>",
        "introformat": 1,
        "assessed": 0,
        "assesstimestart": 0,
        "assesstimefinish": 0,
        "scale": 0,
        "maxbytes": 512000,
        "maxattachments": 9,
        "forcesubscribe": 0,
        "trackingtype": 1,
        "rsstype": 0,
        "rssarticles": 0,
        "timemodified": 1409741563,
        "warnafter": 0,
        "blockafter": 0,
        "blockperiod": 0,
        "completiondiscussions": 0,
        "completionreplies": 0,
        "completionposts": 0,
        "cmid": 4,
        "numdiscussions": 90
    }
]