{
    "assignments": [
        {
            "assignmentid": 14,
            "submissions": [
                {
                    "id": 7,
                    "userid": 3,
                    "attemptnumber": 0,
                    "timecreated": 1426865031,
                    "timemodified": 1426865062,
                    "status": "submitted",
                    "groupid": 0,
                    "plugins": [
                        {
                            "type": "onlinetext",
                            "name": "Online text",
                            "fileareas": [
                                {
                                    "area": "submissions_onlinetext"
                                }
                            ],
                            "editorfields": [
                                {
                                    "name": "onlinetext",
                                    "description": "Submission comments",
                                    "text": "<p>But I must explain to you how all this mistaken idea of denouncing pleasure and praising pain was born and I will give you a complete account of the system, and expound the actual teachings of the great explorer of the truth, the master-builder of human happiness. No one rejects, dislikes, or avoids pleasure itself, because it is pleasure, but because those who do not know how to pursue pleasure rationally encounter consequences that are extremely painful.&nbsp;<br></p>",
                                    "format": 1
                                }
                            ]
                        },
                        {
                            "type": "file",
                            "name": "File submissions",
                            "fileareas": [
                                {
                                    "area": "submission_files",
                                    "files": [
                                        {
                                            "filepath": "APDFfile.pdf",
                                            "fileurl": "http://localhost/m/stable_master/webservice/pluginfile.php/247/assignsubmission_file/submission_files/12/somefile.pdf"
                                        },
                                        {
                                            "filepath": "anotherfile.docx",
                                            "fileurl": "http://localhost/m/stable_master/webservice/pluginfile.php/247/assignsubmission_file/submission_files/12/somefile.pdf"
                                        }
                                    ]
                                }
                            ]
                        },
                        {
                            "type": "comments",
                            "name": "Submission comments"
                        }
                    ]
                },
                {
                    "id": 5,
                    "userid": 4,
                    "attemptnumber": 0,
                    "timecreated": 1426864693,
                    "timemodified": 1426864740,
                    "status": "draft",
                    "groupid": 0,
                    "plugins": [
                        {
                            "type": "onlinetext",
                            "name": "Online text",
                            "fileareas": [
                                {
                                    "area": "submissions_onlinetext",
                                    "files": [
                                        {
                                            "filepath": "/Arte esquemático-Cigüeña.png",
                                            "fileurl": "http://localhost/m/stable_master/webservice/pluginfile.php/245/assignsubmission_onlinetext/submissions_onlinetext/5/Arte%20esquem%C3%A1tico-Cig%C3%BCe%C3%B1a.png"
                                        }
                                    ]
                                }
                            ],
                            "editorfields": [
                                {
                                    "name": "onlinetext",
                                    "description": "Submission comments",
                                    "text": "<p>Blah Blah Blah lorem ipsum</p><p><br></p><p><b>Blah Blah Blah lorem ipsum</b><br></p><p><b><br></b></p><p><b><span style=\"font-weight: normal;\"><i>Blah Blah Blah lorem ipsum</i></span><br></b></p><p><b><span style=\"font-weight: normal;\"><i><br></i></span></b></p><p><b><span style=\"font-weight: normal;\"><i><img src=\"@@PLUGINFILE@@/Arte%20esquem%C3%A1tico-Cig%C3%BCe%C3%B1a.png\" alt=\"\" width=\"734\" height=\"844\" role=\"presentation\" style=\"vertical-align:text-bottom; margin: 0 .5em;\" class=\"img-responsive\"><br></i></span></b></p>",
                                    "format": 1
                                }
                            ]
                        },
                        {
                            "type": "file",
                            "name": "File submissions",
                            "fileareas": [
                                {
                                    "area": "submission_files",
                                    "files": [
                                        {
                                            "filepath": "somefile.pdf",
                                            "fileurl": "http://localhost/m/stable_master/webservice/pluginfile.php/247/assignsubmission_file/submission_files/12/somefile.pdf"
                                        }
                                    ]
                                }
                            ]
                        },
                        {
                            "type": "comments",
                            "name": "Submission comments"
                        }
                    ]
                }
            ]
        }
    ],
    "warnings": []
}